[
  {
   "model": "auth.user",
   "pk": 1,
   "fields": {
      "password": "zmienioneHaslo22",
      "last_login": null,
      "is_superuser": false,
      "username": "3bartocha",
      "first_name": "",
      "last_name": "",
      "email": "jlennon@beatles.com",
      "is_staff": false,
      "is_active": true,
      "date_joined": "2018-05-27T16:14:56.194Z",
      "groups": [],
      "user_permissions": []
    }
  },
  {
   "model": "auth.user",
   "pk": 2,
   "fields": {
      "password": "siemka",
      "last_login": null,
      "is_superuser": false,
      "username": "john2",
      "first_name": "",
      "last_name": "",
      "email": "jlennon@beatles.com",
      "is_staff": false,
      "is_active": true,
      "date_joined": "2018-05-27T16:14:56.194Z",
      "groups": [],
      "user_permissions": []
    }
  },
  {
   "model": "auth.user",
   "pk": 3,
   "fields": {
      "password": "P@ssw0rd",
      "last_login": null,
      "is_superuser": false,
      "username": "JanProfesor",
      "first_name": "",
      "last_name": "",
      "email": "jlennon@beatles.com",
      "is_staff": false,
      "is_active": true,
      "date_joined": "2018-05-27T16:14:56.194Z",
      "groups": [],
      "user_permissions": []
    }
  },
  {
   "model": "accesses.exercisevisibilitypermission",
   "pk": 1,
   "fields": {
      "name": "for_students",
      "group": "1",
      "owner": "1",
      "exercise_vis": true,
      "intro_vis": true,
      "hint_vis": true,
      "solution_vis": true
    }
  },
  {
   "model": "accesses.exercisevisibilitypermission",
   "pk": 2,
   "fields": {
      "name": "for_all",
      "owner": "1",
      "group": "5",
      "exercise_vis": true,
      "intro_vis": true,
      "hint_vis": true,
      "solution_vis": true
    }
  },
  {
   "model": "accesses.exercisevisibilitypermission",
   "pk": 3,
   "fields": {
      "name": "for_all_without_solution",
      "owner": "1",
      "group": "5",
      "exercise_vis": true,
      "intro_vis": true,
      "hint_vis": true,
      "solution_vis": false
    }
  },
  {
   "model": "accesses.exercisevisibilitypermission",
   "pk": 4,
   "fields": {
      "name": "for_doktorants_without_solution",
      "owner": "3",
      "group": "4",
      "exercise_vis": true,
      "intro_vis": true,
      "hint_vis": true,
      "solution_vis": false
    }
  },
  {
   "model": "accesses.exercisevisibilitypermission",
   "pk": 5,
   "fields": {
      "name": "for_radawydzialu_without_solution",
      "owner": "3",
      "group": "2",
      "exercise_vis": true,
      "intro_vis": true,
      "hint_vis": true,
      "solution_vis": false
    }
  },
  {
   "model": "accesses.exercisevisibilitypermission",
   "pk": 6,
   "fields": {
      "name": "for_all",
      "owner": "3",
      "group": "5",
      "exercise_vis": false,
      "intro_vis": false,
      "hint_vis": false,
      "solution_vis": false
    }
  },
  {
   "model": "accesses.exercisevisibilitypermission",
   "pk": 7,
   "fields": {
      "name": "for_all_owner_null",
      "owner": null,
      "group": "5",
      "exercise_vis": false,
      "intro_vis": false,
      "hint_vis": false,
      "solution_vis": false
    }
  },
  {
   "model": "accesses.policy",
   "pk": 1,
   "fields": {
      "policytype": "cn=Studenci,o=fis"
    }
  },
  {
   "model": "accesses.policy",
   "pk": 2,
   "fields": {
      "policytype": "cn=RadaWydzialu,o=fis"
    }
  },
  {
   "model": "accesses.policy",
   "pk": 3,
   "fields": {
      "policytype": "cn=Nauczyciele_akademiccy,o=fis"
    }
  },
  {
   "model": "accesses.policy",
   "pk": 4,
   "fields": {
      "policytype": "cn=Doktoranci,o=fis"
    }
  },
  {
   "model": "accesses.policy",
   "pk": 5,
   "fields": {
      "policytype": "all",
      "is_ldap_group": false
    }
  },
  {
   "model": "accesses.userprofile",
   "pk": 1,
   "fields": {
      "user": 1,
      "is_administrator": false,
      "policy_groups": [
        1,
        2
      ]
    }
  },
  {
   "model": "accesses.userprofile",
   "pk": 2,
   "fields": {
      "user": 2,
      "policy_groups": [
        4
      ]
    }
  },
  {
   "model": "accesses.userprofile",
   "pk": 3,
   "fields": {
      "user": 3,
      "policy_groups": [
        2,3
      ]
    }
  },
  {
   "model": "other.language",
   "pk": 1,
   "fields": {
      "name": "PL"
    }
  },
  {
   "model": "other.language",
   "pk": 2,
   "fields": {
      "name": "ENG"
    }
  },
  {
   "model": "other.category",
   "pk": 1,
   "fields": {
      "category_name": "Matematyka"
    }
  },
  {
   "model": "other.category",
   "pk": 2,
   "fields": {
      "category_name": "Informatyka"
    }
  },
  {
   "model": "other.category",
   "pk": 3,
   "fields": {
      "category_name": "Algorytmy",
      "parent": 2
    }
  },
  {
   "model": "other.category",
   "pk": 4,
   "fields": {
      "category_name": "Programowanie",
      "parent": 2
    }
  },
  {
   "model": "other.category",
   "pk": 5,
   "fields": {
      "category_name": "Programowanie C++",
      "parent": 4
    }
  },
  {
   "model": "other.category",
   "pk": 6,
   "fields": {
      "category_name": "Programowanie proceduralne",
      "parent": 5
    }
  },
  {
   "model": "other.category",
   "pk": 7,
   "fields": {
      "category_name": "Programowanie obiektowe",
      "parent": 5
    }
  },
  {
   "model": "other.category",
   "pk": 8,
   "fields": {
      "category_name": "Programowanie Java",
      "parent": 4
    }
  },
  {
   "model": "other.category",
   "pk": 9,
   "fields": {
      "category_name": "Algebra",
      "parent": 1
    }
  },
  {
   "model": "other.category",
   "pk": 10,
   "fields": {
      "category_name": "Matematyka Dyskretna",
      "parent": 1
    }
  },
  {
   "model": "other.category",
   "pk": 11,
   "fields": {
      "category_name": "Geometria",
      "parent": 1
    }
  },
  {
   "model": "tex_resources.exercise",
   "pk": 1,
   "fields": {
     "title": "Tytuł zadania numer 1 - ProgramowanieProc",
     "intro": "W tym zadaniu uczeń bedzie miał możliwość wykorzystać wiedzę z zakresu pól figur płaskich",
     "task_content": "Dany jest trójkąt prostokątny o przyprostokątnych równych odpowiednio 6cm i 12cm. Oblicz pole tego trójkąta.",
     "hint": "W trójkącie prostokątnym przyprostokątna pełni także rolę wysokości tego trójkąta",
     "solution": "Skoro problem dotyczy trójkąta prostokątnego, wówczas wysokość mamy daną bez wykonywania dodatkowych obliczeń. Korzystając ze wzoru na pole trójkąta $P=0.5ah$, otrzymujemy: $P=0.5*6*12=36cm^{2}$",
     "owner": "1",
     "category": "6",
     "language": "1",
     "policies": [
        1
     ]
    }
  },
  {
   "model": "tex_resources.exercise",
   "pk": 2,
   "fields": {
     "title": "Tytuł zadania numer 2 - Programowanie Cpp",
     "intro": "W tym zadaniu uczeń zapozna się typem zadań, w których jest wykorzystana przekątna figury płaskiej",
     "task_content": "Dany jest kwadrat o boku $a$ oraz przekątnej $d=3\\sqrt{2}cm$. Wyznacz bok kwadratu, a następnie oblicz jego pole.",
     "hint": "Skorzystaj z własności trójkąta charakterystycznego bądź wzoru na długość przekątnej w kwadracie.",
     "solution": "Korzystamy ze wzoru na długość przekątnej w kwadracie $d=a\\sqrt{2}$. $a=1cm$. Zaś pole kwadratu wynosi $P=1cm^{2}$",
     "owner": "1",
     "category": "5",
     "language": "1",
     "policies": [
        1
     ]
    }
  },
  {
   "model": "tex_resources.exercise",
   "pk": 3,
   "fields": {
     "title": "Tytuł zadania numer 3 - Programowanie",
     "intro": "W tym zadaniu uczeń zapozna się typem zadań, w których jest wykorzystana przekątna figury płaskiej",
     "task_content": "Dany jest kwadrat o boku $a$ oraz przekątnej $d=3\\sqrt{2}cm$. Wyznacz bok kwadratu, a następnie oblicz jego pole.",
     "hint": "Skorzystaj z własności trójkąta charakterystycznego bądź wzoru na długość przekątnej w kwadracie.",
     "solution": "Korzystamy ze wzoru na długość przekątnej w kwadracie $d=a\\sqrt{2}$. $a=1cm$. Zaś pole kwadratu wynosi $P=1cm^{2}$",
     "owner": "1",
     "category": "4",
     "language": "1",
     "policies": [
        1
     ]
    }
  },
  {
   "model": "tex_resources.exercise",
   "pk": 4,
   "fields": {
     "title": "Tytuł zadania numer 4 - Algorytmy",
     "intro": "W tym zadaniuA uczeń zapozna się typem zadań, w których jest wykorzystana przekątna figury płaskiej",
     "task_content": "Dany jest kwadrat o boku $a$ oraz przekątnej $d=3\\sqrt{2}cm$. Wyznacz bok kwadratu, a następnie oblicz jego pole.",
     "hint": "Skorzystaj z własności trójkąta charakterystycznego bądź wzoru na długość przekątnej w kwadracie.",
     "solution": "Korzystamy ze wzoru na długość przekątnej w kwadracie $d=a\\sqrt{2}$. $a=1cm$. Zaś pole kwadratu wynosi $P=1cm^{2}$",
     "owner": "1",
     "category": "3",
     "language": "1",
     "policies": [
        1
     ]
    }
  },
  {
   "model": "tex_resources.exercise",
   "pk": 5,
   "fields": {
     "title": "Tytuł zadania numer 5 - Informatyka",
     "intro": "W tym zadaniu uczeń zapozna się typem zadań, w których jest wykorzystana przekątna figury płaskiej",
     "task_content": "Dany jest kwadrat o boku $a$ oraz przekątnej $d=3\\sqrt{2}cm$. Wyznacz bok kwadratu, a następnie oblicz jego pole.",
     "hint": "Skorzystaj z własności trójkąta charakterystycznego bądź wzoru na długość przekątnej w kwadracie.",
     "solution": "Korzystamy ze wzoru na długość przekątnej w kwadracie $d=a\\sqrt{2}$. $a=1cm$. Zaś pole kwadratu wynosi $P=1cm^{2}$",
     "owner": "1",
     "category": "2",
     "language": "1",
     "policies": [
        1
     ]
    }
  },
  {
   "model": "tex_resources.exercise",
   "pk": 6,
   "fields": {
     "title": "Tytuł zadania numer 6",
     "intro": "W tym zadaniu uczeń zapozna się typem zadań, w których jest wykorzystana przekątna figury płaskiej",
     "task_content": "Dany jest kwadrat o boku $a$ oraz przekątnej $d=3\\sqrt{2}cm$. Wyznacz bok kwadratu, a następnie oblicz jego pole.",
     "hint": "Skorzystaj z własności trójkąta charakterystycznego bądź wzoru na długość przekątnej w kwadracie.",
     "solution": "Korzystamy ze wzoru na długość przekątnej w kwadracie $d=a\\sqrt{2}$. $a=1cm$. Zaś pole kwadratu wynosi $P=1cm^{2}$",
     "owner": "1",
     "category": "1",
     "language": "1",
     "policies": [
        1
     ]
    }
  },
  {
   "model": "tex_resources.exercise",
   "pk": 7,
   "fields": {
     "title": "Tytuł zadania numer 7",
     "intro": "W tym zadaniu uczeń zapozna się typem zadań, w których jest wykorzystana przekątna figury płaskiej",
     "task_content": "Dany jest kwadrat o boku $a$ oraz przekątnej $d=3\\sqrt{2}cm$. Wyznacz bok kwadratu, a następnie oblicz jego pole.",
     "hint": "Skorzystaj z własności trójkąta charakterystycznego bądź wzoru na długość przekątnej w kwadracie.",
     "solution": "Korzystamy ze wzoru na długość przekątnej w kwadracie $d=a\\sqrt{2}$. $a=1cm$. Zaś pole kwadratu wynosi $P=1cm^{2}$",
     "owner": "1",
     "category": "1",
     "language": "1",
     "policies": [
        1
     ]
    }
  },
  {
   "model": "tex_resources.exercise",
   "pk": 8,
   "fields": {
     "title": "Tytuł zadania numer 8",
     "intro": "W tym zadaniu uczeń zapozna się typem zadań, w których jest wykorzystana przekątna figury płaskiej",
     "task_content": "Dany jest kwadrat o boku $a$ oraz przekątnej $d=3\\sqrt{2}cm$. Wyznacz bok kwadratu, a następnie oblicz jego pole.",
     "hint": "Skorzystaj z własności trójkąta charakterystycznego bądź wzoru na długość przekątnej w kwadracie.",
     "solution": "Korzystamy ze wzoru na długość przekątnej w kwadracie $d=a\\sqrt{2}$. $a=1cm$. Zaś pole kwadratu wynosi $P=1cm^{2}$",
     "owner": "1",
     "category": "1",
     "language": "1",
     "policies": [
        1
     ]
    }
  },
  {
   "model": "tex_resources.exercise",
   "pk": 9,
   "fields": {
     "title": "Tytuł zadania numer 9",
     "intro": "W tym zadaniu uczeń zapozna się typem zadań, w których jest wykorzystana przekątna figury płaskiej",
     "task_content": "Dany jest kwadrat o boku $a$ oraz przekątnej $d=3\\sqrt{2}cm$. Wyznacz bok kwadratu, a następnie oblicz jego pole.",
     "hint": "Skorzystaj z własności trójkąta charakterystycznego bądź wzoru na długość przekątnej w kwadracie.",
     "solution": "Korzystamy ze wzoru na długość przekątnej w kwadracie $d=a\\sqrt{2}$. $a=1cm$. Zaś pole kwadratu wynosi $P=1cm^{2}$",
     "owner": "1",
     "category": "1",
     "language": "1",
     "policies": [
        1
     ]
    }
  },
  {
   "model": "tex_resources.exercise",
   "pk": 10,
   "fields": {
     "title": "Tytuł zadania numer 10",
     "intro": "W tym zadaniu uczeń zapozna się typem zadań, w których jest wykorzystana przekątna figury płaskiej",
     "task_content": "Dany jest kwadrat o boku $a$ oraz przekątnej $d=3\\sqrt{2}cm$. Wyznacz bok kwadratu, a następnie oblicz jego pole.",
     "hint": "Skorzystaj z własności trójkąta charakterystycznego bądź wzoru na długość przekątnej w kwadracie.",
     "solution": "Korzystamy ze wzoru na długość przekątnej w kwadracie $d=a\\sqrt{2}$. $a=1cm$. Zaś pole kwadratu wynosi $P=1cm^{2}$",
     "owner": "1",
     "category": "1",
     "language": "1",
     "policies": [
        1
     ]
    }
  },
  {
   "model": "tex_resources.exercise",
   "pk": 11,
   "fields": {
     "title": "Tytuł zadania numer 11",
     "intro": "W tym zadaniu uczeń zapozna się typem zadań, w których jest wykorzystana przekątna figury płaskiej",
     "task_content": "Dany jest kwadrat o boku $a$ oraz przekątnej $d=3\\sqrt{2}cm$. Wyznacz bok kwadratu, a następnie oblicz jego pole.",
     "hint": "Skorzystaj z własności trójkąta charakterystycznego bądź wzoru na długość przekątnej w kwadracie.",
     "solution": "Korzystamy ze wzoru na długość przekątnej w kwadracie $d=a\\sqrt{2}$. $a=1cm$. Zaś pole kwadratu wynosi $P=1cm^{2}$",
     "owner": "1",
     "category": "1",
     "language": "1",
     "policies": [
        1
     ]
    }
  },
  {
   "model": "tex_resources.exercise",
   "pk": 12,
   "fields": {
     "title": "Tytuł zadania numer 12",
     "intro": "W tym zadaniu uczeń zapozna się typem zadań, w których jest wykorzystana przekątna figury płaskiej",
     "task_content": "Dany jest kwadrat o boku $a$ oraz przekątnej $d=3\\sqrt{2}cm$. Wyznacz bok kwadratu, a następnie oblicz jego pole.",
     "hint": "Skorzystaj z własności trójkąta charakterystycznego bądź wzoru na długość przekątnej w kwadracie.",
     "solution": "Korzystamy ze wzoru na długość przekątnej w kwadracie $d=a\\sqrt{2}$. $a=1cm$. Zaś pole kwadratu wynosi $P=1cm^{2}$",
     "owner": "1",
     "category": "1",
     "language": "1",
     "policies": [
        1
     ]
    }
  },
  {
   "model": "tex_resources.exercise",
   "pk": 13,
   "fields": {
     "title": "Tytuł zadania numer 13",
     "intro": "W tym zadaniu uczeń zapozna się typem zadań, w których jest wykorzystana przekątna figury płaskiej",
     "task_content": "Dany jest kwadrat o boku $a$ oraz przekątnej $d=3\\sqrt{2}cm$. Wyznacz bok kwadratu, a następnie oblicz jego pole.",
     "hint": "Skorzystaj z własności trójkąta charakterystycznego bądź wzoru na długość przekątnej w kwadracie.",
     "solution": "Korzystamy ze wzoru na długość przekątnej w kwadracie $d=a\\sqrt{2}$. $a=1cm$. Zaś pole kwadratu wynosi $P=1cm^{2}$",
     "owner": "1",
     "category": "1",
     "language": "1",
     "policies": [
        1
     ]
    }
  },
  {
   "model": "tex_resources.exercise",
   "pk": 14,
   "fields": {
     "title": "Tytuł zadania numer 14",
     "intro": "W tym zadaniu uczeń zapozna się typem zadań, w których jest wykorzystana przekątna figury płaskiej",
     "task_content": "Dany jest kwadrat o boku $a$ oraz przekątnej $d=3\\sqrt{2}cm$. Wyznacz bok kwadratu, a następnie oblicz jego pole.",
     "hint": "Skorzystaj z własności trójkąta charakterystycznego bądź wzoru na długość przekątnej w kwadracie.",
     "solution": "Korzystamy ze wzoru na długość przekątnej w kwadracie $d=a\\sqrt{2}$. $a=1cm$. Zaś pole kwadratu wynosi $P=1cm^{2}$",
     "owner": "1",
     "category": "1",
     "language": "1",
     "policies": [
        1
     ]
    }
  },
  {
   "model": "tex_resources.exercise",
   "pk": 15,
   "fields": {
     "title": "Tytuł zadania numer 15",
     "intro": "W tym zadaniu uczeń zapozna się typem zadań, w których jest wykorzystana przekątna figury płaskiej",
     "task_content": "Dany jest kwadrat o boku $a$ oraz przekątnej $d=3\\sqrt{2}cm$. Wyznacz bok kwadratu, a następnie oblicz jego pole.",
     "hint": "Skorzystaj z własności trójkąta charakterystycznego bądź wzoru na długość przekątnej w kwadracie.",
     "solution": "Korzystamy ze wzoru na długość przekątnej w kwadracie $d=a\\sqrt{2}$. $a=1cm$. Zaś pole kwadratu wynosi $P=1cm^{2}$",
     "owner": "1",
     "category": "1",
     "language": "1",
     "policies": [
        1
     ]
    }
  },
  {
   "model": "tex_resources.exercise",
   "pk": 16,
   "fields": {
     "title": "Tytuł zadania numer 16",
     "intro": "W tym zadaniu uczeń zapozna się typem zadań, w których jest wykorzystana przekątna figury płaskiej",
     "task_content": "Dany jest kwadrat o boku $a$ oraz przekątnej $d=3\\sqrt{2}cm$. Wyznacz bok kwadratu, a następnie oblicz jego pole.",
     "hint": "Skorzystaj z własności trójkąta charakterystycznego bądź wzoru na długość przekątnej w kwadracie.",
     "solution": "Korzystamy ze wzoru na długość przekątnej w kwadracie $d=a\\sqrt{2}$. $a=1cm$. Zaś pole kwadratu wynosi $P=1cm^{2}$",
     "owner": "1",
     "category": "1",
     "language": "1",
     "policies": [
        1
     ]
    }
  },
  {
   "model": "tex_resources.exercise",
   "pk": 17,
   "fields": {
     "title": "Tytuł zadania numer 17",
     "intro": "W tym zadaniu uczeń zapozna się typem zadań, w których jest wykorzystana przekątna figury płaskiej",
     "task_content": "Dany jest kwadrat o boku $a$ oraz przekątnej $d=3\\sqrt{2}cm$. Wyznacz bok kwadratu, a następnie oblicz jego pole.",
     "hint": "Skorzystaj z własności trójkąta charakterystycznego bądź wzoru na długość przekątnej w kwadracie.",
     "solution": "Korzystamy ze wzoru na długość przekątnej w kwadracie $d=a\\sqrt{2}$. $a=1cm$. Zaś pole kwadratu wynosi $P=1cm^{2}$",
     "owner": "1",
     "category": "1",
     "language": "1",
     "policies": [
        1
     ]
    }
  },
  {
   "model": "tex_resources.exercise",
   "pk": 18,
   "fields": {
     "title": "Tytuł zadania numer 18",
     "intro": "W tym zadaniu uczeń zapozna się typem zadań, w których jest wykorzystana przekątna figury płaskiej",
     "task_content": "Dany jest kwadrat o boku $a$ oraz przekątnej $d=3\\sqrt{2}cm$. Wyznacz bok kwadratu, a następnie oblicz jego pole.",
     "hint": "Skorzystaj z własności trójkąta charakterystycznego bądź wzoru na długość przekątnej w kwadracie.",
     "solution": "Korzystamy ze wzoru na długość przekątnej w kwadracie $d=a\\sqrt{2}$. $a=1cm$. Zaś pole kwadratu wynosi $P=1cm^{2}$",
     "owner": "1",
     "category": "1",
     "language": "1",
     "policies": [
        1
     ]
    }
  },
  {
   "model": "tex_resources.exercise",
   "pk": 19,
   "fields": {
     "title": "Pole trójkąta - Tytuł zadania numer 19",
     "intro": "W tym zadaniu uczeń zapozna się typem zadań, w których jest wykorzystana przekątna figury płaskiej",
     "task_content": "Dany jest kwadrat o boku $a$ oraz przekątnej $d=3\\sqrt{2}cm$. Wyznacz bok kwadratu, a następnie oblicz jego pole.",
     "hint": "Skorzystaj z własności trójkąta charakterystycznego bądź wzoru na długość przekątnej w kwadracie.",
     "solution": "Korzystamy ze wzoru na długość przekątnej w kwadracie $d=a\\sqrt{2}$. $a=1cm$. Zaś pole kwadratu wynosi $P=1cm^{2}$",
     "owner": "1",
     "category": "1",
     "language": "1",
     "policies": [
        1
     ]
    }
  },
  {
   "model": "tex_resources.exercise",
   "pk": 20,
   "fields": {
     "title": "Pole kwadratu - Tytuł zadania numer 20",
     "intro": "W tym zadaniu uczeń zapozna się typem zadań, w których jest wykorzystana przekątna figury płaskiej",
     "task_content": "Dany jest kwadrat o boku $a$ oraz przekątnej $d=3\\sqrt{2}cm$. Wyznacz bok kwadratu, a następnie oblicz jego pole.",
     "hint": "Skorzystaj z własności trójkąta charakterystycznego bądź wzoru na długość przekątnej w kwadracie.",
     "solution": "Niewidzoczne dla wszystkich! Korzystamy ze wzoru na długość przekątnej w kwadracie $d=a\\sqrt{2}$. $a=1cm$. Zaś pole kwadratu wynosi $P=1cm^{2}$",
     "owner": "1",
     "category": "1",
     "language": "1",
     "policies": [
        3
     ]
    }
  },
  {
   "model": "tex_resources.exercise",
   "pk": 21,
   "fields": {
     "title": "Nikt inny nie może tego zobaczyć - Tytuł zadania numer 21.",
     "intro": "Zadanie dla doktorantów. W tym zadaniu uczeń zapozna się typem zadań, w których jest wykorzystana przekątna figury płaskiej",
     "task_content": "Dany jest kwadrat o boku $a$ oraz przekątnej $d=3\\sqrt{2}cm$. Wyznacz bok kwadratu, a następnie oblicz jego pole.",
     "hint": "Skorzystaj z własności trójkąta charakterystycznego bądź wzoru na długość przekątnej w kwadracie.",
     "solution": "Korzystamy ze wzoru na długość przekątnej w kwadracie $d=a\\sqrt{2}$. $a=1cm$. Zaś pole kwadratu wynosi $P=1cm^{2}$",
     "owner": "3",
     "category": "7",
     "language": "1",
     "policies": [
        4,
        6
     ]
    }
  },
  {
   "model": "tex_resources.exercise",
   "pk": 22,
   "fields": {
     "title": "Nikt inny nie może tego zobaczyć - Tytuł zadania numer 22.",
     "intro": "Zadanie dla Rady wydzialu. W tym zadaniu uczeń zapozna się typem zadań, w których jest wykorzystana przekątna figury płaskiej",
     "task_content": "Dany jest kwadrat o boku $a$ oraz przekątnej $d=3\\sqrt{2}cm$. Wyznacz bok kwadratu, a następnie oblicz jego pole.",
     "hint": "Skorzystaj z własności trójkąta charakterystycznego bądź wzoru na długość przekątnej w kwadracie.",
     "solution": "Korzystamy ze wzoru na długość przekątnej w kwadracie $d=a\\sqrt{2}$. $a=1cm$. Zaś pole kwadratu wynosi $P=1cm^{2}$",
     "owner": "3",
     "category": "7",
     "language": "1",
     "policies": [
        5,
        6
     ]
    }
  },
  {
   "model": "tex_resources.exercise",
   "pk": 23,
   "fields": {
     "title": "Nikt inny nie może tego zobaczyć - Tytuł zadania numer 23.",
     "intro": "Zadanie dla Rady wydzialu. W tym zadaniu uczeń zapozna się typem zadań, w których jest wykorzystana przekątna figury płaskiej",
     "task_content": "Dany jest kwadrat o boku $a$ oraz przekątnej $d=3\\sqrt{2}cm$. Wyznacz bok kwadratu, a następnie oblicz jego pole.",
     "hint": "Skorzystaj z własności trójkąta charakterystycznego bądź wzoru na długość przekątnej w kwadracie.",
     "solution": "Korzystamy ze wzoru na długość przekątnej w kwadracie $d=a\\sqrt{2}$. $a=1cm$. Zaś pole kwadratu wynosi $P=1cm^{2}$",
     "owner": "3",
     "category": "7",
     "language": "1",
     "policies": [

     ]
    }
  },
  {
   "model": "tex_resources.exercise",
   "pk": 24,
   "fields": {
     "title": "Trefne zadanie __ - Tytuł zadania numer 24.",
     "intro": "__Zadanie dla Rady wydzialu. W tym zadaniu uczeń zapozna się typem zadań, w których jest wykorzystana przekątna figury płaskiej",
     "task_content": "__Dany jest kwadrat o boku $a$ oraz przekątnej $d=3\\sqrt{2}cm$. Wyznacz bok kwadratu, a następnie oblicz jego pole.",
     "hint": "__Skorzystaj z własności trójkąta charakterystycznego bądź wzoru na długość przekątnej w kwadracie.",
     "solution": "__Korzystamy ze wzoru na długość przekątnej w kwadracie $d=a\\sqrt{2}$. $a=1cm$. Zaś pole kwadratu wynosi $P=1cm^{2}$",
     "owner": "1",
     "category": "7",
     "language": "1",
     "policies": [

     ]
    }
  },
  {
    "model": "tex_resources.attachment",
    "pk": 1,
    "fields": {
      "name": "Pierwszy zalacznik do zadania 9",
      "image": "pic_folder/agh1.jpg",
      "width": "0.4",
      "label": "attachmentPK1",
      "caption": "captionPK1",
      "exercise": "9",
      "attachment_type": "exercise_content"
    }
  },
  {
    "model": "tex_resources.attachment",
    "pk": 2,
    "fields": {
      "name": "Drugi zalacznik do zadania 9",
      "image": "pic_folder/agh2.jpg",
      "width": "0.4",
      "label": "attachmentPK2",
      "caption": "captionPK2",
      "exercise": "9",
      "attachment_type": "exercise_content"
    }
  },
  {
    "model": "tex_resources.attachment",
    "pk": 3,
    "fields": {
      "name": "Pierwszy załącznik do zadania 10",
      "image": "pic_folder/agh3.jpg",
      "width": "0.4",
      "label": "attachmentPK3",
      "caption": "captionPK3",
      "exercise": "10",
      "attachment_type": "exercise_content"
    }
  },
  {
    "model": "tex_resources.attachment",
    "pk": 4,
    "fields": {
      "name": "Pierwszy załącznik do zadania 20",
      "image": "pic_folder/agh4.jpg",
      "width": "0.4",
      "label": "attachmentPK4",
      "caption": "captionPK4",
      "exercise": "20",
      "attachment_type": "exercise_content"
    }
  },
  {
    "model": "tex_resources.attachment",
    "pk": 5,
    "fields": {
      "name": "Drugi załącznik do zadania 20",
      "image": "pic_folder/agh5.jpg",
      "width": "0.4",
      "label": "attachmentPK5",
      "caption": "captionPK5",
      "exercise": "20",
      "attachment_type": "exercise_intro"
    }
  },
  {
    "model": "tex_resources.attachment",
    "pk": 6,
    "fields": {
      "name": "Trzeci załącznik do zadania 20",
      "image": "pic_folder/agh6.jpg",
      "width": "0.4",
      "label": "attachmentPK6",
      "caption": "captionPK6",
      "exercise": "20",
      "attachment_type": "exercise_hint"
    }
  },
  {
    "model": "tex_resources.attachment",
    "pk": 7,
    "fields": {
      "name": "Czwarty załącznik do zadania 20",
      "image": "pic_folder/agh7.jpg",
      "width": "0.4",
      "label": "attachmentPK7",
      "caption": "captionPK7",
      "exercise": "20",
      "attachment_type": "exercise_solution"
    }
  },
  {
    "model": "tex_resources.attachment",
    "pk": 8,
    "fields": {
      "name": "Pierwszy załącznik do zadania 1",
      "image": "pic_folder/agh8.jpg",
      "width": "0.4",
      "label": "attachmentPK8",
      "caption": "captionPK8",
      "exercise": "1",
      "attachment_type": "exercise_solution"
    }
  },
  {
    "model": "tex_resources.attachment",
    "pk": 9,
    "fields": {
      "name": "Pierwszy załącznik do zadania 2",
      "image": "pic_folder/agh9.jpg",
      "width": "0.4",
      "label": "attachmentPK9",
      "caption": "captionPK9",
      "exercise": "2",
      "attachment_type": "exercise_hint"
    }
  },
  {
    "model": "recipes.exercisedocumentrecipe",
    "pk": 1,
    "fields": {
      "owner": "1",
      "document_title": "Pola figur płaskich",
      "author": "Łukasz Bartocha",
      "date": "Informatyka Stosowana V ROK",
      "is_title_part": true,
      "filename": "zadania_pola_figur",
      "name": "Pierwszy dokument dla uczniow",
      "description": "Opis dokumentu, ktorego nie będzie w pdf"
    }
  },
  {
    "model": "recipes.exerciserecipe",
    "pk": 1,
    "fields": {
      "owner": "1",
      "position_number": 1,
      "is_title": true,
      "is_intro": true,
      "is_hint": true,
      "is_solution": true,
      "document": "1",
      "exercise": "1"
    }
  },
  {
    "model": "recipes.exerciserecipe",
    "pk": 2,
    "fields": {
      "owner": "1",
      "position_number": 2,
      "is_title": true,
      "is_intro": true,
      "is_hint": true,
      "is_solution": true,
      "document": "1",
      "exercise": "2"
    }
  },
  {
    "model": "recipes.exerciserecipe",
    "pk": 5,
    "fields": {
      "owner": "1",
      "position_number": 1,
      "is_title": true,
      "is_intro": true,
      "is_hint": true,
      "is_solution": true,
      "document": "2",
      "exercise": "24"
    }
  },
  {
    "model": "recipes.exercisedocumentrecipe",
    "pk": 2,
    "fields": {
      "owner": "1",
      "document_title": "Pola figur _płaskich 9 bez solution",
      "author": "Łukasz Bartocha",
      "date": "Informatyka Stosowana V ROK",
      "is_title_part": true,
      "filename": "zadania_pola_figur",
      "name": "Drugi dokument dla uczniow",
      "description": "Opis dokumentu drugiego, ktorego też nie będzie w pdf"
    }
  },
  {
    "model": "recipes.exerciserecipe",
    "pk": 3,
    "fields": {
      "owner": "1",
      "position_number": 2,
      "is_title": true,
      "is_intro": true,
      "is_hint": true,
      "is_solution": true,
      "document": "2",
      "exercise": "8"
    }
  },
  {
    "model": "recipes.exerciserecipe",
    "pk": 4,
    "fields": {
      "owner": "1",
      "position_number": 3,
      "is_title": true,
      "is_intro": true,
      "is_hint": true,
      "is_solution": true,
      "document": "2",
      "exercise": "22"
    }
  }
]
